ThrowType,SectorNumber,BoundType,ReachTime,ElapsedGoalInTime,ElapsedReboundAbleTime,Point_X,Point_Y,Point_Z,TargetVelocity_X,TargetVelocity_Y,TargetVelocity_Z,TargetAttribute,TargetPos_X,TargetPos_Y,TargetPos_Z
0,0,0,0.02,0,-1,0,2.896388,10.7254,0,-7.770833,0,Event_RightGoalIn,0,3.05,10.7254
0,0,1,0.02,0,-1,0,2.896388,10.7254,0,-7.770833,0,Event_RightGoalIn,0,3.05,10.7254
0,0,2,0.02,0,-1,0,2.896388,10.7254,0,-7.770833,0,Event_RightGoalIn,0,3.05,10.7254
0,0,3,0.02,-1,1.199999,0.08943422,3.085593,10.7254,-8.100361,1.622931,0,Event_FirstRimBound,0.22,3.05,10.7254
0,0,3,0.02,-1,0.54,0.0894211,3.085485,10.7254,-8.071585,1.598048,0,Event_FirstRimBound,0.219,3.05,10.7254
0,0,4,0.02,-1,0.6199999,0.1057101,3.138197,10.6229,1.674529,6.070804,-1.621515,Event_FirstRimBound,0.15,3.15,10.58
0,0,5,0.02,-1,0.34,0.08834933,3.076852,10.7254,-6.258627,0.09675194,0,Event_FirstRimBound,0.16,3.05,10.7254
0,0,5,0.02,-1,1.219999,-0.08944237,3.085623,10.7254,8.093126,1.622963,0,Event_FirstRimBound,-0.22,3.05,10.7254
0,0,6,0.02,-1,0.6199999,-0.1057226,3.138185,10.62295,-1.670218,6.067344,-1.620533,Event_FirstRimBound,-0.15,3.15,10.58
0,0,6,0.02,-1,0.6199999,-0.1536011,3.137922,10.70767,-3.100122,6.223616,-0.3580815,Event_FirstRimBound,-0.22,3.15,10.7
0,0,7,0.02,-1,0.34,0.08834933,3.076852,10.7254,-6.258627,0.09675194,0,Event_FirstRimBound,0.16,3.05,10.7254
0,1,0,0.48,0,-1,0.0287321,2.999032,10.72349,1.435156,-2.643593,-0.09560866,Event_RightGoalIn,0,3.05,10.7254
0,1,1,0.48,0.3,-1,0.102604,3.11729,10.72821,-2.079575,0.161796,-0.09251961,Event_FirstRimBound,0.154,3.05,10.7254
0,1,2,0.48,0.6799999,-1,0.06144084,3.155431,10.84539,-0.1146633,0.8658394,-1.666039,Event_FirstRimBound,0.144,3.05,10.85
0,1,2,0.48,1.12,-1,0.07062839,3.159287,10.84621,-0.2544591,1.038284,-1.513116,Event_FirstRimBound,0.158,3.05,10.85
0,1,3,0.48,-1,0.14,0.2103586,3.188404,10.73559,1.261769,1.371348,-0.1026356,Event_FirstRimBound,0.35,3.05,10.7254
0,1,4,0.48,-1,0.08,0.2381465,3.187002,10.66034,1.954279,0.6472548,-0.4448156,Event_FirstRimBound,0.38,3.05,10.63
0,1,5,0.48,-1,0.14,-0.286265,3.175646,10.74157,-0.7617787,1.232794,-0.04078376,Event_FirstRimBound,-0.23,3.05,10.7254
0,1,6,0.48,-1,0.02,-0.3306601,3.133883,10.66374,-1.683699,0.06906338,-0.5698628,Event_FirstRimBound,-0.3,3.05,10.65
0,1,7,0.48,-1,0.8199998,0.07198657,3.159778,10.8462,-0.2713299,1.061278,-1.488918,Event_FirstRimBound,0.16,3.05,10.85
0,2,0,0.48,0,-1,0.03967028,2.999032,10.73419,1.981508,-2.643593,0.4392889,Event_RightGoalIn,0,3.05,10.7254
0,2,1,0.48,0.32,-1,0.09705233,3.107411,10.71449,-2.308188,0.1228951,0.553928,Event_FirstRimBound,0.154,3.05,10.7254
0,2,1,0.48,0.8199998,-1,0.1452653,3.165328,10.70219,-0.7252514,1.889402,0.2905387,Event_FirstRimBound,0.28,3.05,10.7254
0,2,2,0.48,1.04,-1,0.06058429,3.132977,10.82461,-1.245133,0.8772379,-1.752522,Event_FirstRimBound,0.144,3.05,10.85
0,2,3,0.48,-1,0.2,0.1822511,3.183514,10.69802,0.890367,1.824724,0.4327452,Event_FirstRimBound,0.35,3.05,10.7254
0,2,4,0.48,-1,0.04,0.2329289,3.184602,10.61454,2.451444,0.3564873,-0.04814331,Event_FirstRimBound,0.41,3.05,10.63
0,2,5,0.48,-1,0.16,-0.2897598,3.173421,10.70037,-0.6102073,1.504817,0.05229972,Event_FirstRimBound,-0.2,3.05,10.7254
0,2,6,0.48,-1,0.12,-0.3086728,3.151823,10.63684,-1.365764,0.9851047,-0.4806409,Event_FirstRimBound,-0.24,3.05,10.65
0,2,7,0.48,-1,0.6399999,0.06118058,3.133289,10.82451,-1.256256,0.88998,-1.736414,Event_FirstRimBound,0.145,3.05,10.85
0,3,0,0.48,0,-1,0.0299581,2.999032,10.75285,1.496391,-2.643593,1.37119,Event_RightGoalIn,0,3.05,10.7254
0,3,1,0.48,0.42,-1,0.09918474,3.119218,10.68385,-1.955673,0.19979,1.268965,Event_FirstRimBound,0.154,3.05,10.7254
0,3,2,0.48,0.7999998,-1,0.08552518,3.128849,10.79353,-1.705338,0.8612326,-1.36792,Event_FirstRimBound,0.148,3.05,10.85
0,3,3,0.48,-1,0.14,0.1891987,3.188254,10.61422,1.376669,1.36986,0.8314735,Event_FirstRimBound,0.33,3.05,10.7
0,3,4,0.48,-1,0.14,0.1635471,3.187926,10.55368,1.577644,1.233633,0.5381954,Event_FirstRimBound,0.3,3.05,10.63
0,3,5,0.48,-1,0.14,-0.2865294,3.169375,10.65012,-1.008101,1.37954,0.1910608,Event_FirstRimBound,-0.23,3.05,10.7254
0,3,6,0.48,-1,0,-0.3268697,3.119161,10.61312,-1.98001,-0.02453771,-0.1584713,Event_FirstRimBound,-0.3,3.05,10.65
0,3,7,0.48,-1,0.7599998,0.08611766,3.129252,10.79323,-1.706456,0.8744175,-1.355521,Event_FirstRimBound,0.149,3.05,10.85
0,4,0,0.48,0,-1,0.01051666,2.999032,10.76465,0.5253037,-2.643593,1.96046,Event_RightGoalIn,0,3.05,10.7254
0,4,1,0.48,0.18,-1,0.05719556,3.10143,10.8012,-1.774997,-0.08683877,-1.561478,Event_FirstRimBound,0.072,3.05,10.85
0,4,2,0.48,1.08,-1,0.1157191,3.142729,10.75855,-1.972536,0.7368929,0.7765151,Event_FirstRimBound,0.15,3.05,10.85
0,4,3,0.48,-1,0.14,0.193368,3.169243,10.50645,1.470188,1.196966,-0.3830096,Event_FirstRimBound,0.25,3.05,10.6
0,4,4,0.48,-1,0.12,0.220339,3.168687,10.53361,1.675076,1.093589,-0.1914659,Event_FirstRimBound,0.28,3.05,10.63
0,4,5,0.48,-1,0.14,-0.2336639,3.184086,10.6026,-0.6853269,1.31126,0.9739861,Event_FirstRimBound,-0.23,3.05,10.7254
0,4,6,0.48,-1,0.06,-0.2872642,3.146479,10.57187,-1.917626,0.459033,0.2429754,Event_FirstRimBound,-0.29,3.05,10.65
0,4,7,0.48,-1,0.56,0.1164235,3.143228,10.75799,-1.965297,0.754381,0.7711646,Event_FirstRimBound,0.151,3.05,10.85
0,5,0,0.9,0,-1,0.06000449,2.960016,10.72395,2.997253,-4.590043,-0.07251245,Event_RightGoalIn,0,3.05,10.7254
0,5,1,0.9,0.34,-1,0.0997559,3.10492,10.72782,-3.925664,-0.3977871,-0.01811402,Event_FirstRimBound,0.14,3.05,10.7254
0,5,1,0.9,0.9599996,-1,0.1781745,3.180656,10.73059,-0.08944619,3.215674,-0.03483373,Event_FirstRimBound,0.28,3.05,10.7254
0,5,2,0.9,0.9199997,-1,0.1020702,3.111042,10.72748,-3.956194,-0.08604527,-0.0009499189,Event_FirstRimBound,0.1469,3.05,10.7254
0,5,3,0.9,-1,0.28,0.2177465,3.18551,10.73419,2.108809,2.733914,-0.01174011,Event_FirstRimBound,0.325,3.05,10.7254
0,5,4,0.9,-1,0.14,0.2570015,3.178898,10.7302,3.629233,1.285428,-0.03007918,Event_FirstRimBound,0.36,3.05,10.7254
0,5,5,0.9,-1,0.32,0.1562153,3.171781,10.73022,-1.40031,2.990287,-0.08318509,Event_FirstRimBound,0.25,3.05,10.7254
0,5,6,0.9,-1,0.2,-0.3174462,3.155109,10.73059,-2.799376,1.956775,-0.0461959,Event_FirstRimBound,-0.25,3.05,10.7254
0,5,7,0.9,-1,0.7199998,0.1021046,3.111129,10.72749,-3.956379,-0.08158693,-0.000818471,Event_FirstRimBound,0.147,3.05,10.7254
0,5,7,0.9,-1,0.9999996,0.1705108,3.178147,10.73048,-0.5461665,3.180943,-0.04843818,Event_FirstRimBound,0.27,3.05,10.7254
0,6,0,0.9,0,-1,0.08284919,2.960016,10.74377,4.138281,-4.590043,0.9174355,Event_RightGoalIn,0,3.05,10.7254
0,6,1,0.9,0.2,-1,0.09585562,3.094197,10.71595,-4.498806,-0.4945363,0.1125519,Event_FirstRimBound,0.14,3.05,10.7254
0,6,2,0.9,0.9199997,-1,0.09834006,3.101504,10.71439,-4.544703,-0.07251635,0.002900165,Event_FirstRimBound,0.1499,3.05,10.7254
0,6,3,0.9,-1,0.38,0.1873061,3.179853,10.69722,1.153566,3.618732,0.06061281,Event_FirstRimBound,0.325,3.05,10.7254
0,6,4,0.9,-1,0.28,0.2199242,3.180981,10.69697,3.088563,2.770037,0.02777537,Event_FirstRimBound,0.36,3.05,10.7254
0,6,5,0.9,-1,0.38,0.1544031,3.170019,10.69942,-1.071682,3.599869,0.3987595,Event_FirstRimBound,0.28,3.05,10.7254
0,6,6,0.9,-1,0.2,-0.3315741,3.140244,10.70608,-3.545569,1.899118,0.2719972,Event_FirstRimBound,-0.25,3.05,10.7254
0,6,7,0.9,-1,0.8399997,0.09836638,3.101577,10.71438,-4.544855,-0.06826458,0.00181486,Event_FirstRimBound,0.15,3.05,10.7254
0,7,0,0.9,0,-1,0.06256494,2.960016,10.78273,3.125139,-4.590043,2.863663,Event_RightGoalIn,0,3.05,10.7254
0,7,1,0.9,0.5000001,-1,0.1030105,3.098501,10.69304,-4.489193,-0.3925159,0.2686994,Event_FirstRimBound,0.14,3.05,10.7254
0,7,2,0.9,1.479999,-1,0.1053436,3.114812,10.74574,-4.000844,0.6929827,-2.000896,Event_FirstRimBound,0.155,3.05,10.79
0,7,2,0.9,1.499999,-1,0.1039069,3.116689,10.75213,-3.886676,0.8089629,-2.161526,Event_FirstRimBound,0.155,3.05,10.7978
0,7,3,0.9,-1,0.28,0.1091638,3.109822,10.6855,-4.505646,0.2918718,-0.286307,Event_FirstRimBound,0.155,3.05,10.7254
0,7,4,0.9,-1,0.14,0.2613153,3.169292,10.64481,4.172657,1.339159,0.6460336,Event_FirstRimBound,0.36,3.05,10.7254
0,7,5,0.9,-1,0.32,0.1528247,3.171435,10.64777,-1.262083,3.385722,1.226696,Event_FirstRimBound,0.25,3.05,10.73
0,7,6,0.9,-1,0.22,-0.3163139,3.14896,10.65901,-3.342779,2.120196,0.6662554,Event_FirstRimBound,-0.25,3.05,10.7254
0,7,7,0.9,-1,0.9999996,0.1038871,3.116715,10.75221,-3.885166,0.8105544,-2.163437,Event_FirstRimBound,0.155,3.05,10.7979
0,8,0,0.9,0,-1,0.02196327,2.960016,10.80737,1.097071,-4.590043,4.094324,Event_RightGoalIn,0,3.05,10.7254
0,8,1,0.9,0.8199998,-1,-0.01407444,3.105072,10.82537,-0.05966822,0.1307625,-4.54406,Event_FirstRimBound,0,3.05,10.88
0,8,1,0.9,0.4600001,-1,0.0179236,3.095914,10.81962,-0.9305601,-0.3836766,-4.422563,Event_FirstRimBound,0.03,3.05,10.865
0,8,2,0.9,0.8999997,-1,0.1040764,3.138347,10.671,-1.314372,-0.8738657,4.071993,Event_FirstRimBound,0.1295,3.05,10.756
0,8,3,0.9,-1,0.32,-0.01758317,3.118814,10.83142,-0.3105584,0.9383257,-4.401635,Event_FirstRimBound,0,3.05,10.9
0,8,4,0.9,-1,0.34,-0.02888175,3.161843,10.86511,0.8357859,3.238212,-2.032035,Event_FirstRimBound,0,3.05,10.98
0,8,5,0.9,-1,0.32,0.1225378,3.143542,10.70875,-3.153039,0.5450206,3.048719,Event_FirstRimBound,0.15,3.05,10.8
0,8,5,0.9,-1,0.3,0.1017066,3.179977,10.52657,-0.7699813,3.113972,2.003951,Event_FirstRimBound,0.14,3.05,10.65
0,8,6,0.9,-1,0.3,-0.2728088,3.166286,10.61318,-2.62446,2.821045,0.4256853,Event_FirstRimBound,-0.25,3.05,10.7254
0,8,7,0.9,-1,1.08,0.104151,3.138423,10.67093,-1.321024,-0.8667677,4.072104,Event_FirstRimBound,0.1296,3.05,10.756
0,9,0,1.15,0,-1,0.1033717,2.9357,10.7229,5.163472,-5.801723,-0.1249182,Event_RightGoalIn,0,3.05,10.7254
0,9,1,1.15,0.4800001,-1,0.09692676,3.094851,10.72662,-5.576072,-0.6543606,-0.01959033,Event_FirstRimBound,0.1400003,3.05,10.7254
0,9,2,1.15,0.8999997,-1,0.09734556,3.098423,10.72716,-5.37389,-0.192344,-0.005572787,Event_FirstRimBound,0.1485,3.05,10.7254
0,9,3,1.15,-1,0.3,0.1002394,3.106488,10.72681,-5.364719,0.3644342,0.01298006,Event_FirstRimBound,0.1599998,3.05,10.7254
0,9,4,1.15,-1,0.36,-0.2365034,3.183215,10.72897,3.050905,3.443741,-0.06241167,Event_FirstRimBound,-0.1000004,3.05,10.7254
0,9,5,1.15,-1,0.4400001,-0.2869716,3.174403,10.72873,-0.6552509,4.204506,-0.02471833,Event_FirstRimBound,-0.1609993,3.05,10.7254
0,9,6,1.15,-1,0.22,0.1126289,3.132135,10.72851,-4.745483,2.118344,0.1006603,Event_FirstRimBound,0.1999989,3.05,10.7254
0,9,7,1.15,-1,0.9599996,0.09736995,3.098495,10.72716,-5.374189,-0.1874259,-0.00540542,Event_FirstRimBound,0.1486,3.05,10.7254
0,10,0,1.15,0,-1,0.1094259,2.9357,10.76126,5.46587,-5.801723,1.791449,Event_RightGoalIn,0,3.05,10.7254
0,10,1,1.15,0.52,-1,0.09692355,3.091689,10.71063,-5.94591,-0.6687512,0.2593004,Event_FirstRimBound,0.1400003,3.05,10.7254
0,10,1,1.15,0.6399999,-1,0.09677919,3.094826,10.71211,-5.741928,-0.2078673,0.05093052,Event_FirstRimBound,0.1485996,3.05,10.7254
0,10,2,1.15,1.08,-1,0.09644158,3.093564,10.71099,-5.871206,-0.2202047,0.06204516,Event_FirstRimBound,0.1485,3.05,10.7254
0,10,2,1.15,1.559999,-1,0.09639677,3.093433,10.71103,-5.870522,-0.2299424,0.06595239,Event_FirstRimBound,0.1483001,3.05,10.7254
0,10,2,1.15,1.379999,-1,0.09624501,3.093899,10.71331,-5.801042,-0.2339959,0.05626275,Event_FirstRimBound,0.148201,3.05,10.7254
0,10,3,1.15,-1,0.34,0.1019769,3.106353,10.71004,-5.906401,0.4121744,-0.1583675,Event_FirstRimBound,0.1599998,3.05,10.7254
0,10,3,1.15,-1,0.34,0.09702194,3.095823,10.71255,-5.734828,-0.1404459,0.02539499,Event_FirstRimBound,0.1499996,3.05,10.7254
0,10,4,1.15,-1,0.38,-0.2340689,3.184518,10.68852,3.267099,3.819653,0.7861624,Event_FirstRimBound,-0.1000004,3.05,10.7254
0,10,5,1.15,-1,0.4800001,-0.28429,3.175113,10.69117,-0.7069424,4.645896,0.387032,Event_FirstRimBound,-0.1609993,3.05,10.7254
0,10,6,1.15,-1,0.24,0.1162141,3.132849,10.70196,-5.076621,2.354492,-0.8319412,Event_FirstRimBound,0.1999998,3.05,10.7254
0,10,7,1.15,-1,1.359999,0.09624415,3.093896,10.71331,-5.801026,-0.2342048,0.05634577,Event_FirstRimBound,0.1481991,3.05,10.7254
0,11,0,1.15,0,-1,0.08796534,2.9357,10.80841,4.393926,-5.801723,4.146315,Event_RightGoalIn,0,3.05,10.7254
0,11,1,1.15,0.08,-1,0.1002078,3.085974,10.69707,-5.886796,-1.187408,1.071745,Event_FirstRimBound,0.1300001,3.05,10.7254
0,11,2,1.15,1.04,-1,0.1055966,3.094516,10.68546,-6.02135,-0.1852209,0.1298728,Event_FirstRimBound,0.1470001,3.05,10.7254
0,11,3,1.15,-1,0.3,0.1113443,3.104996,10.67919,-5.761301,0.5061948,-0.5835174,Event_FirstRimBound,0.1599998,3.05,10.7254
0,11,4,1.15,-1,0.34,-0.2148165,3.180645,10.61198,2.521664,3.952747,1.91985,Event_FirstRimBound,-0.1000004,3.05,10.7254
0,11,5,1.15,-1,0.4600001,-0.2623419,3.166201,10.57636,-1.837023,4.436898,-0.1307622,Event_FirstRimBound,-0.1609993,3.05,10.674
0,11,6,1.15,-1,0.38,-0.2472868,3.149465,10.51805,-2.552293,3.64045,-2.655331,Event_FirstRimBound,-0.1609993,3.05,10.6
0,11,7,1.15,-1,1.06,0.1056361,3.094581,10.6854,-6.021744,-0.1799192,0.1240861,Event_FirstRimBound,0.1471,3.05,10.7254
0,12,0,1.15,0,-1,0.02565452,2.9357,10.84289,1.281442,-5.801723,5.86885,Event_RightGoalIn,0,3.05,10.7254
0,12,1,1.15,0.6599999,-1,0.02086839,3.166064,10.57404,0.7762206,-1.590582,5.612013,Event_FirstRimBound,0.05000019,3.05,10.7
0,12,2,1.15,1.12,-1,0.02220374,3.163473,10.56984,0.7528009,-1.315417,5.348965,Event_FirstRimBound,0.05610001,3.05,10.7
0,12,3,1.15,-1,0.3,-0.1630567,3.179694,10.56845,1.838061,3.624327,3.225098,Event_FirstRimBound,-0.1300001,3.05,10.7254
0,12,4,1.15,-1,0.18,-0.1372142,3.176623,10.57808,2.540331,2.08965,4.376509,Event_FirstRimBound,-0.1000004,3.05,10.7254
0,12,5,1.15,-1,0.36,0.07134763,3.161064,10.60463,0.2846859,-1.686408,5.634227,Event_FirstRimBound,0.1000004,3.05,10.7254
0,12,5,1.15,-1,0.4600001,-0.1309173,3.170054,10.46144,-1.081469,4.498936,-0.6701127,Event_FirstRimBound,-0.1000004,3.05,10.6
0,12,6,1.15,-1,0.38,-0.1759323,3.154498,10.46032,-2.957041,3.621857,-1.806374,Event_FirstRimBound,-0.1499996,3.05,10.58
0,12,7,1.15,-1,1.08,0.0222987,3.163482,10.56983,0.7513198,-1.31249,5.350249,Event_FirstRimBound,0.0562,3.05,10.7
0,12,7,1.15,-1,1.219999,-0.05435868,3.176765,10.45345,0.1723377,4.605397,0.4957761,Event_FirstRimBound,-0.02000046,3.05,10.6
1,0,0,0.02,0,-1,0,2.896388,10.7254,0,-7.770833,0,Event_RightGoalIn,0,3.05,10.7254
1,0,1,0.02,0,-1,0,2.896388,10.7254,0,-7.770833,0,Event_RightGoalIn,0,3.05,10.7254
1,0,2,0.02,0,-1,0,2.896388,10.7254,0,-7.770833,0,Event_RightGoalIn,0,3.05,10.7254
1,0,3,0.02,-1,0.54,0.0894211,3.085485,10.7254,-8.071585,1.598048,0,Event_FirstRimBound,0.219,3.05,10.7254
1,0,4,0.02,-1,0.6199999,0.1057101,3.138197,10.6229,1.674529,6.070804,-1.621515,Event_FirstRimBound,0.15,3.15,10.58
1,0,5,0.02,-1,0.34,0.08834933,3.076852,10.7254,-6.258627,0.09675194,0,Event_FirstRimBound,0.16,3.05,10.7254
1,0,6,0.02,-1,0.6199999,-0.1536011,3.137922,10.70767,-3.100122,6.223616,-0.3580815,Event_FirstRimBound,-0.22,3.15,10.7
1,0,7,0.02,-1,0.34,0.08834933,3.076852,10.7254,-6.258627,0.09675194,0,Event_FirstRimBound,0.16,3.05,10.7254
1,1,0,0.6,0,-1,0.04190942,3.007699,10.72258,2.093379,-2.209879,-0.1405801,Event_RightGoalIn,0,3.05,10.7254
1,1,1,0.6,0.42,-1,0.120954,3.144155,10.73735,-1.285557,0.7829602,-0.2122677,Event_FirstRimBound,0.2000008,3.05,10.7254
1,1,2,0.6,1.419999,-1,-0.2568518,3.186134,10.74262,0.1443291,0.9025998,-0.107773,Event_FirstRimBound,-0.1849995,3.05,10.7254
1,1,3,0.6,-1,0.09999999,0.09878631,3.187827,10.54572,0.873647,0.9831456,-0.1751517,Event_FirstRimBound,0.2299995,3.05,10.5
1,1,4,0.6,-1,0.12,0.09880423,3.187813,10.54585,0.8728818,0.9839721,-0.1747489,Event_FirstRimBound,0.2299995,3.05,10.5
1,1,5,0.6,-1,0.09999999,-0.2884758,3.17463,10.73902,-0.5229903,0.888853,-0.04937312,Event_FirstRimBound,-0.2299995,3.05,10.7254
1,1,6,0.6,-1,0.14,-0.3551019,3.060685,10.80053,-1.059447,1.292414,0.3479694,Event_FirstRimBound,0.3799992,3.05,10.7254
1,1,7,0.6,-1,1.559999,-0.2569263,3.186116,10.74262,0.1430272,0.9026865,-0.1077374,Event_FirstRimBound,-0.1851006,3.05,10.7254
1,2,0,0.6,0,-1,0.03154409,3.007699,10.73239,1.575628,-2.209879,0.3493078,Event_RightGoalIn,0,3.05,10.7254
1,2,1,0.6,0.4400001,-1,0.1112755,3.133072,10.70907,-1.509831,0.7853542,0.4896965,Event_FirstRimBound,0.2000008,3.05,10.7254
1,2,2,0.6,1.259999,-1,0.164409,3.176272,10.69844,0.1728145,1.53895,0.178765,Event_FirstRimBound,0.3267002,3.05,10.7254
1,2,3,0.6,-1,0.14,0.1935497,3.186028,10.69564,1.095684,1.226099,0.274995,Event_FirstRimBound,0.3799992,3.05,10.7254
1,2,4,0.6,-1,0.09999999,0.03426543,3.188446,10.50126,1.220815,0.9351552,-0.06930229,Event_FirstRimBound,0.2000008,3.05,10.5
1,2,5,0.6,-1,0.12,-0.2925656,3.171885,10.69959,-0.4251347,1.113352,0.08607584,Event_FirstRimBound,-0.2000008,3.05,10.7254
1,2,6,0.6,-1,0.09999999,-0.1995807,3.167259,10.50102,-0.008056396,0.9282051,-0.9564189,Event_FirstRimBound,-0.1000004,3.05,10.5
1,2,7,0.6,-1,0.9999996,0.1645585,3.176343,10.69842,0.1773393,1.53893,0.1776619,Event_FirstRimBound,0.3269997,3.05,10.7254
1,3,0,0.6,0,-1,0.02382156,3.007699,10.74723,1.18988,-2.209879,1.090324,Event_RightGoalIn,0,3.05,10.7254
1,3,1,0.6,0.4800001,-1,0.1149406,3.147571,10.66409,-1.161312,0.8473184,0.9416404,Event_FirstRimBound,0.2000008,3.05,10.7254
1,3,1,0.6,0.58,-1,0.155841,3.174206,10.66454,-0.1731834,1.376445,0.6507828,Event_FirstRimBound,0.2800007,3.05,10.75
1,3,1,0.6,0.6799999,-1,-0.2895859,3.256007,10.9304,0.889733,0.08013985,-1.750064,Event_FirstBackBoard,0,3.05,11.5
1,3,2,0.6,1.159999,-1,-0.3109339,3.256549,10.9304,0.8414608,0.08013985,-1.737993,Event_FirstBackBoard,-0.04000092,3.05,11.49
1,3,3,0.6,-1,0.08,0.2245398,3.187207,10.63139,1.499781,0.6452429,0.6153039,Event_FirstRimBound,0.3799992,3.05,10.7254
1,3,4,0.6,-1,0.08,0.09002071,3.170316,10.44718,1.206212,0.7440616,-0.5978401,Event_FirstRimBound,0.2000008,3.05,10.5
1,3,4,0.6,-1,0.08,0.2245395,3.187207,10.6314,1.499767,0.64525,0.6153313,Event_FirstRimBound,0.3799992,3.05,10.7254
1,3,5,0.6,-1,0.12,-0.2677407,3.177533,10.64022,-0.3272523,1.158453,0.2534456,Event_FirstRimBound,-0.2000008,3.05,10.7254
1,3,6,0.6,-1,0.02,-0.2340365,3.121467,10.47148,-1.011498,0.0701515,-1.197736,Event_FirstRimBound,-0.2000008,3.05,10.5
1,3,7,0.6,-1,0,-0.3138752,3.256007,10.9304,0.8414608,0.08013985,-1.750064,Event_FirstBackBoard,-0.04000092,3.05,11.5
1,4,0,0.6,0,-1,0.008362488,3.007699,10.75661,0.417704,-2.209879,1.558892,Event_RightGoalIn,0,3.05,10.7254
1,4,1,0.6,0.6599999,-1,0.1377135,3.184818,10.59427,0.1819529,0.5928943,1.376985,Event_FirstRimBound,0.2000008,3.05,10.7254
1,4,1,0.6,0.2,-1,-0.06209543,3.24227,10.9304,0.3098474,-0.4665608,-1.844247,Event_FirstBackBoard,0,3.05,11.3
1,4,2,0.6,1.02,-1,0.1119635,3.24227,10.9304,0.583996,-0.4665608,-1.844247,Event_FirstBackBoard,0.2290001,3.05,11.3
1,4,3,0.6,-1,0.22,0.1781821,3.188622,10.58906,0.4928353,0.9210557,1.009642,Event_FirstRimBound,0.25,3.05,10.7254
1,4,4,0.6,-1,0.04,0.1615075,3.141084,10.43787,1.289744,0.3315682,-0.8140917,Event_FirstRimBound,0.2000008,3.05,10.5
1,4,5,0.6,-1,0.09999999,-0.1791643,3.158622,10.46844,-0.839443,0.8514913,-0.4707617,Event_FirstRimBound,-0.1700001,3.05,10.55
1,4,6,0.6,-1,0.02,-0.2039752,3.125639,10.44996,-1.197025,0.15277,-0.8547688,Event_FirstRimBound,-0.2000008,3.05,10.5
1,4,7,0.6,-1,0,0.1127231,3.24227,10.9304,0.5851926,-0.4665608,-1.844247,Event_FirstBackBoard,0.2299995,3.05,11.3
1,5,0,1.05,0,-1,0.05155814,2.958039,10.72246,2.575372,-4.6875,-0.1469841,Event_RightGoalIn,0,3.05,10.7254
1,5,1,1.05,0.09999999,-1,0.09882495,3.100776,10.72701,-3.698448,-0.825524,-0.02953468,Event_FirstRimBound,0.1299992,3.05,10.7254
1,5,2,1.05,1.04,-1,0.1116719,3.130507,10.72797,-3.759226,0.6571575,0.02809655,Event_FirstRimBound,0.1616001,3.05,10.7254
1,5,3,1.05,-1,0.3,0.2098336,3.186751,10.72991,1.347631,2.902498,-0.01340395,Event_FirstRimBound,0.2999992,3.05,10.7254
1,5,4,1.05,-1,0.14,0.1693058,3.174721,10.50969,2.804229,1.240517,-2.0142,Event_FirstRimBound,0.25,3.05,10.5
1,5,5,1.05,-1,0.28,0.152888,3.17011,10.7295,-1.81889,2.69829,-0.09445102,Event_FirstRimBound,0.2299995,3.05,10.7254
1,5,6,1.05,-1,0.12,0.1156646,3.137375,10.72835,-3.646223,1.006113,0.04362703,Event_FirstRimBound,0.1700001,3.05,10.7254
1,5,7,1.05,-1,0.8599997,0.1117171,3.13059,10.72798,-3.75816,0.6613947,0.02827123,Event_FirstRimBound,0.1616993,3.05,10.7254
1,6,0,1.05,0,-1,0.07118648,2.958039,10.74119,3.555797,-4.6875,0.7883031,Event_RightGoalIn,0,3.05,10.7254
1,6,1,1.05,0.24,-1,0.09818189,3.099811,10.71645,-4.250628,-0.4585685,0.08637795,Event_FirstRimBound,0.1399994,3.05,10.7254
1,6,1,1.05,0.09999999,-1,0.0953645,3.091344,10.71797,-4.133208,-0.9126326,0.1854831,Event_FirstRimBound,0.1299992,3.05,10.7254
1,6,1,1.05,0.8599997,-1,0.1066398,3.120286,10.71278,-4.215303,0.6802995,-0.1622258,Event_FirstRimBound,0.1660004,3.05,10.7254
1,6,2,1.05,1.14,-1,0.1071852,3.121391,10.71258,-4.19992,0.7421874,-0.1756872,Event_FirstRimBound,0.1674995,3.05,10.7254
1,6,3,1.05,-1,0.24,0.1012263,3.107964,10.71499,-4.292116,-0.008881188,-0.01181517,Event_FirstRimBound,0.1499996,3.05,10.7254
1,6,3,1.05,-1,0.36,0.1839189,3.181138,10.70151,0.5286263,3.470665,0.1283049,Event_FirstRimBound,0.2999992,3.05,10.7254
1,6,4,1.05,-1,0.16,0.1461758,3.169067,10.484,3.30107,1.386703,-2.011394,Event_FirstRimBound,0.25,3.05,10.5
1,6,5,1.05,-1,0.2,0.1199104,3.143808,10.70851,-3.288777,1.910696,1.239481,Event_FirstRimBound,0.2000008,3.05,10.7254
1,6,6,1.05,-1,0.24,0.1144286,3.149966,10.7804,-2.639219,2.320321,-1.697465,Event_FirstRimBound,0.2000008,3.05,10.8
1,6,7,1.05,-1,1.08,0.1072224,3.121466,10.71257,-4.198828,0.7463636,-0.1766528,Event_FirstRimBound,0.1676006,3.05,10.7254
1,7,0,1.05,0,-1,0.05375813,2.958039,10.77466,2.685258,-4.6875,2.460588,Event_RightGoalIn,0,3.05,10.7254
1,7,1,1.05,0.09999999,-1,0.1008007,3.095687,10.69977,-4.114097,-0.8366315,0.527782,Event_FirstRimBound,0.1299992,3.05,10.7254
1,7,2,1.05,1.1,-1,0.1150881,3.122233,10.68491,-4.172289,0.6722689,-0.5004947,Event_FirstRimBound,0.1616993,3.05,10.7254
1,7,3,1.05,-1,0.34,0.2093746,3.182465,10.65002,1.579639,3.218944,0.1944839,Event_FirstRimBound,0.2999992,3.05,10.7254
1,7,4,1.05,-1,0.12,0.178306,3.157188,10.47381,3.706129,1.019323,-1.414485,Event_FirstRimBound,0.25,3.05,10.53
1,7,5,1.05,-1,0.22,0.109649,3.143066,10.67311,-2.156226,0.7691551,3.460837,Event_FirstRimBound,0.1700001,3.05,10.7254
1,7,6,1.05,-1,0.2,0.03903306,3.146047,10.84247,-0.1279346,1.935229,-3.49053,Event_FirstRimBound,0.1000004,3.05,10.9
1,7,7,1.05,-1,1.159999,0.1151387,3.122308,10.68487,-4.170922,0.6766371,-0.5034581,Event_FirstRimBound,0.1618004,3.05,10.7254
1,8,0,1.05,0,-1,0.01887162,2.958039,10.79583,0.9426525,-4.6875,3.518027,Event_RightGoalIn,0,3.05,10.7254
1,8,1,1.05,0.8399997,-1,0.03650202,3.109941,10.82015,-1.390961,0.1120268,-4.060967,Event_FirstRimBound,0.04999924,3.05,10.87
1,8,1,1.05,0.4400001,-1,0.07708707,3.146913,10.62253,-0.4891946,-1.097263,3.876982,Event_FirstRimBound,0.1000004,3.05,10.7
1,8,2,1.05,0.9399996,-1,0.03390972,3.121468,10.82634,-1.217422,0.7561252,-4.021615,Event_FirstRimBound,0.04999924,3.05,10.886
1,8,3,1.05,-1,0.34,0.2143966,3.181584,10.61837,0.834743,3.334438,0.3822681,Event_FirstRimBound,0.25,3.05,10.7254
1,8,4,1.05,-1,0.14,-0.1199691,3.152298,10.78442,3.901026,1.230934,0.03544925,Event_FirstRimBound,-0.1000004,3.05,10.87
1,8,4,1.05,-1,0.22,0.2663331,3.17011,10.62799,3.204814,2.134273,0.5882408,Event_FirstRimBound,0.2999992,3.05,10.7254
1,8,5,1.05,-1,0.28,0.1056421,3.150231,10.64464,-1.645701,-0.1854129,3.796207,Event_FirstRimBound,0.1299992,3.05,10.7254
1,8,5,1.05,-1,0.4600001,-0.1172813,3.139045,10.72723,3.070026,-0.9256566,2.553628,Event_FirstRimBound,-0.1000004,3.05,10.8
1,8,6,1.05,-1,0.2,0.07753318,3.145101,10.82008,-2.807822,1.942318,-2.070211,Event_FirstRimBound,0.1000004,3.05,10.9
1,8,7,1.05,-1,0.6,0.03375309,3.122164,10.82675,-1.207312,0.7950162,-4.013997,Event_FirstRimBound,0.04999924,3.05,10.887
1,9,0,1.3,0,-1,0.0915827,2.931484,10.72333,4.57458,-6.013546,-0.1034815,Event_RightGoalIn,0,3.05,10.7254
1,9,1,1.3,0.04,-1,0.09356952,3.08235,10.72623,-4.995962,-1.797343,-0.05423981,Event_FirstRimBound,0.1199989,3.05,10.7254
1,9,2,1.3,0.9599996,-1,0.1007519,3.103041,10.72683,-5.441493,-0.3878254,-0.01072246,Event_FirstRimBound,0.1441994,3.05,10.7254
1,9,3,1.3,-1,0.34,0.1013976,3.10468,10.72687,-5.452654,-0.2705037,-0.006899721,Event_FirstRimBound,0.1461983,3.05,10.7254
1,9,3,1.3,-1,0.24,0.1026475,3.107765,10.72688,-5.463408,-0.04865313,0.0004880564,Event_FirstRimBound,0.1500015,3.05,10.7254
1,9,4,1.3,-1,0.34,-0.1083969,3.18475,10.89999,3.128279,3.311203,-1.486149,Event_FirstRimBound,0,3.05,10.89999
1,9,5,1.3,-1,0.42,-0.2975534,3.169829,10.73014,-2.075991,4.051098,-0.06990374,Event_FirstRimBound,-0.2000008,3.05,10.7254
1,9,6,1.3,-1,0.26,0.122542,3.143823,10.72271,-4.539383,2.52125,0.1430562,Event_FirstRimBound,0.2000008,3.05,10.72
1,9,7,1.3,-1,0.7999998,0.1007201,3.102959,10.72683,-5.44084,-0.3936619,-0.01089261,Event_FirstRimBound,0.1441002,3.05,10.7254
1,10,0,1.3,0,-1,0.09651674,2.931484,10.74916,4.820922,-6.013546,1.186749,Event_RightGoalIn,0,3.05,10.7254
1,10,1,1.3,0.04,-1,0.09318898,3.080411,10.71824,-5.247684,-1.805039,0.4972607,Event_FirstRimBound,0.1199989,3.05,10.7254
1,10,2,1.3,0.9199997,-1,0.1001745,3.100975,10.71469,-5.741237,-0.3048657,0.06156296,Event_FirstRimBound,0.1461983,3.05,10.7254
1,10,3,1.3,-1,0.24,0.1018428,3.104458,10.7126,-5.719802,-0.0762331,0.003395716,Event_FirstRimBound,0.1500015,3.05,10.7254
1,10,4,1.3,-1,0.26,-0.1162431,3.179028,10.86607,4.560665,2.577401,-1.300348,Event_FirstRimBound,0,3.05,10.89999
1,10,5,1.3,-1,0.4800001,0.1469808,3.158008,10.69361,-2.481395,4.74878,-1.513457,Event_FirstRimBound,0.2700005,3.05,10.72
1,10,6,1.3,-1,0.26,0.1207375,3.139046,10.70448,-4.814561,2.493788,-0.7306677,Event_FirstRimBound,0.2000008,3.05,10.7254
1,10,6,1.3,-1,0.26,0.1118495,3.127976,10.70094,-5.695429,2.408895,-0.6728209,Event_FirstRimBound,0.2000008,3.05,10.72
1,10,7,1.3,-1,0.6999999,0.1002057,3.101055,10.71468,-5.741753,-0.2988716,0.06007435,Event_FirstRimBound,0.1463013,3.05,10.7254
1,11,0,1.3,0,-1,0.07807911,2.931484,10.80211,3.899986,-6.013546,3.831566,Event_RightGoalIn,0,3.05,10.7254
1,11,1,1.3,0.06,-1,0.09768279,3.082469,10.70441,-5.185614,-1.809572,1.37,Event_FirstRimBound,0.1199989,3.05,10.7254
1,11,2,1.3,1.14,-1,0.1076913,3.101619,10.69161,-5.773033,-0.3852013,0.2555951,Event_FirstRimBound,0.1427002,3.05,10.7254
1,11,3,1.3,-1,0.22,0.1090236,3.104581,10.69064,-5.76527,-0.1670068,0.07960113,Event_FirstRimBound,0.1461983,3.05,10.7254
1,11,4,1.3,-1,0.32,0.228652,3.181824,10.61083,4.186413,3.100383,1.240786,Event_FirstRimBound,0.3199997,3.05,10.7
1,11,5,1.3,-1,0.06,-0.2919969,3.117904,10.85254,-5.017626,0.4479716,2.801269,Event_FirstRimBound,-0.25,3.05,10.9
1,11,6,1.3,-1,0.38,-0.2676956,3.159065,10.58094,-2.029789,3.755189,-2.61892,Event_FirstRimBound,-0.2000008,3.05,10.65
1,11,6,1.3,-1,0.32,0.1358344,3.145084,10.73477,-3.457572,3.046735,-2.93254,Event_FirstRimBound,0.2000008,3.05,10.8
1,11,7,1.3,-1,0.6999999,0.107646,3.101541,10.69166,-5.772161,-0.3914767,0.2605928,Event_FirstRimBound,0.142601,3.05,10.7254
1,12,0,1.3,0,-1,0.0230166,2.931484,10.83165,1.149671,-6.013546,5.30733,Event_RightGoalIn,0,3.05,10.7254
1,12,1,1.3,0.06,-1,0.1099107,3.090472,10.68874,-5.068032,-1.732116,1.836394,Event_FirstRimBound,0.1199989,3.05,10.7254
1,12,2,1.3,1.459999,-1,0.03234253,3.115212,10.82566,-1.460483,0.822472,-5.526653,Event_FirstRimBound,0.04460144,3.05,10.886
1,12,3,1.3,-1,0.42,-0.01836039,3.112641,10.8301,-0.44144,1.174405,-6.254166,Event_FirstRimBound,0,3.05,10.9
1,12,4,1.3,-1,0.22,0.2700487,3.170723,10.61099,4.532283,2.281365,2.01867,Event_FirstRimBound,0.2999992,3.05,10.72
1,12,5,1.3,-1,0.22,-0.2700444,3.177148,10.78195,-2.402626,2.758077,3.925639,Event_FirstRimBound,-0.25,3.05,10.9
1,12,6,1.3,-1,0.26,0.1714039,3.178058,10.68076,-2.190239,3.191843,3.617071,Event_FirstRimBound,0.2000008,3.05,10.8
1,12,7,1.3,-1,1.559999,0.03243783,3.115231,10.82564,-1.462924,0.8239449,-5.52569,Event_FirstRimBound,0.04470062,3.05,10.886
2,0,0,0.02,0,-1,0,2.896388,10.7254,0,-7.770833,0,Event_RightGoalIn,0,3.05,10.7254
2,0,1,0.02,0,-1,0,2.896388,10.7254,0,-7.770833,0,Event_RightGoalIn,0,3.05,10.7254
2,0,2,0.02,0,-1,0,2.896388,10.7254,0,-7.770833,0,Event_RightGoalIn,0,3.05,10.7254
2,0,3,0.02,-1,0.54,0.0894211,3.085485,10.7254,-8.071585,1.598048,0,Event_FirstRimBound,0.219,3.05,10.7254
2,0,4,0.02,-1,0.6199999,0.1057101,3.138197,10.6229,1.674529,6.070804,-1.621515,Event_FirstRimBound,0.15,3.15,10.58
2,0,5,0.02,-1,0.34,0.08834933,3.076852,10.7254,-6.258627,0.09675194,0,Event_FirstRimBound,0.16,3.05,10.7254
2,0,6,0.02,-1,0.6199999,-0.1536011,3.137922,10.70767,-3.100122,6.223616,-0.3580815,Event_FirstRimBound,-0.22,3.15,10.7
2,0,7,0.02,-1,0.34,0.08834933,3.076852,10.7254,-6.258627,0.09675194,0,Event_FirstRimBound,0.16,3.05,10.7254
2,1,0,0.8,0,-1,0.01696252,2.984016,10.72202,0.8472686,-3.392735,-0.1690753,Event_RightGoalIn,0,3.05,10.7254
2,1,1,0.8,0.56,-1,0.1193326,3.140624,10.72952,-2.288161,0.3362045,-0.120938,Event_FirstRimBound,0.1500015,3.05,10.7254
2,1,2,0.8,1.579999,-1,0.1302263,3.152406,10.73085,-2.134281,0.7693542,-0.1042983,Event_FirstRimBound,0.165699,3.05,10.7254
2,1,3,0.8,-1,0.16,0.2437301,3.188063,10.73267,1.405461,1.43973,-0.06834687,Event_FirstRimBound,0.2999992,3.05,10.7254
2,1,4,0.8,-1,0.08,0.2759396,3.179595,10.73067,2.073034,0.7304524,-0.05792307,Event_FirstRimBound,0.3300018,3.05,10.7254
2,1,5,0.8,-1,0.38,0.1558192,3.171857,10.73213,-1.353399,1.429778,-0.2097923,Event_FirstRimBound,0.2000008,3.05,10.7254
2,1,6,0.8,-1,0.06,-0.3168913,3.154467,10.73184,-2.139744,0.5246626,-0.03489595,Event_FirstRimBound,-0.2999992,3.05,10.7254
2,1,7,0.8,-1,0.8999997,0.1302966,3.152474,10.73085,-2.132962,0.7718939,-0.1041187,Event_FirstRimBound,0.1657982,3.05,10.7254
2,2,0,0.8,0,-1,0.02341994,2.984016,10.73059,1.169814,-3.392735,0.2593493,Event_RightGoalIn,0,3.05,10.7254
2,2,1,0.8,0.54,-1,0.1131277,3.133249,10.71832,-2.384696,0.2588535,0.2633479,Event_FirstRimBound,0.1500015,3.05,10.7254
2,2,2,0.8,1.08,-1,0.1246011,3.147041,10.71708,-2.231744,0.767263,0.189154,Event_FirstRimBound,0.1685982,3.05,10.7254
2,2,3,0.8,-1,0.18,0.2280365,3.189221,10.7132,1.218211,1.653854,0.120535,Event_FirstRimBound,0.2999992,3.05,10.7254
2,2,4,0.8,-1,0.12,0.2590384,3.184562,10.71364,1.99611,1.042724,0.1164036,Event_FirstRimBound,0.3300018,3.05,10.7254
2,2,5,0.8,-1,0.16,0.1458333,3.165512,10.71544,-1.680573,1.450187,0.08180109,Event_FirstRimBound,0.2000008,3.05,10.7254
2,2,6,0.8,-1,0.06,-0.325664,3.145878,10.71719,-2.232592,0.4036696,0.06343616,Event_FirstRimBound,-0.2999992,3.05,10.7254
2,2,7,0.8,-1,1.179999,0.1246669,3.147111,10.71708,-2.230478,0.7698871,0.188784,Event_FirstRimBound,0.1687012,3.05,10.7254
2,3,0,0.8,0,-1,0.01768617,2.984016,10.74161,0.8834192,-3.392735,0.8095043,Event_RightGoalIn,0,3.05,10.7254
2,3,1,0.8,0.56,-1,0.1181823,3.140818,10.70118,-2.261791,0.3524919,0.7073837,Event_FirstRimBound,0.1500015,3.05,10.7254
2,3,2,0.8,0.6999999,-1,0.1271365,3.150447,10.69849,-2.172845,0.7297667,0.5552822,Event_FirstRimBound,0.1629982,3.05,10.7254
2,3,3,0.8,-1,0.16,0.2422479,3.187619,10.68779,1.44838,1.473442,0.3533975,Event_FirstRimBound,0.2999992,3.05,10.7254
2,3,4,0.8,-1,0.08,0.274563,3.17918,10.69031,2.118468,0.756964,0.3862926,Event_FirstRimBound,0.3300018,3.05,10.7254
2,3,5,0.8,-1,0.5000001,0.1540093,3.172678,10.69225,-1.199539,1.389164,0.9939951,Event_FirstRimBound,0.2000008,3.05,10.7254
2,3,6,0.8,-1,0.06,-0.3177214,3.15213,10.69802,-2.212066,0.5341663,0.1571646,Event_FirstRimBound,-0.2999992,3.05,10.7254
2,3,7,0.8,-1,0.6999999,0.1278434,3.151137,10.6983,-2.162212,0.7570629,0.5438334,Event_FirstRimBound,0.1640015,3.05,10.7254
2,4,0,0.8,0,-1,0.006208706,2.984016,10.74857,0.310122,-3.392735,1.157391,Event_RightGoalIn,0,3.05,10.7254
2,4,1,0.8,0.54,-1,0.1327198,3.156356,10.68457,-2.134331,0.6335751,0.7346625,Event_FirstRimBound,0.1500015,3.05,10.7254
2,4,2,0.8,1.219999,-1,0.1351506,3.158392,10.68376,-2.107982,0.7221867,0.6895717,Event_FirstRimBound,0.1529007,3.05,10.7254
2,4,3,0.8,-1,0.18,0.2212816,3.18935,10.67089,0.4753339,1.765892,0.5751443,Event_FirstRimBound,0.25,3.05,10.7254
2,4,4,0.8,-1,0.12,0.2707772,3.179968,10.67489,1.774025,1.10298,0.5158589,Event_FirstRimBound,0.2999992,3.05,10.7254
2,4,5,0.8,-1,0.18,-0.2504852,3.18612,10.67226,-0.8645707,1.640717,0.4899606,Event_FirstRimBound,-0.25,3.05,10.7254
2,4,6,0.8,-1,0.09999999,-0.2981062,3.165321,10.681,-2.112343,0.8588215,0.08893111,Event_FirstRimBound,-0.2999992,3.05,10.7254
2,4,7,0.8,-1,0.9399996,0.1352339,3.15846,10.68373,-2.106986,0.725157,0.6880485,Event_FirstRimBound,0.1529999,3.05,10.7254
2,5,0,1.3,0,-1,0.04070475,2.931484,10.72281,2.033147,-6.013546,-0.129696,Event_RightGoalIn,0,3.05,10.7254
2,5,1,1.3,0.06,-1,0.101777,3.099096,10.72632,-4.052785,-1.662876,-0.03645315,Event_FirstRimBound,0.1199989,3.05,10.7254
2,5,1,1.3,1.12,-1,0.1187717,3.133358,10.72698,-4.506559,0.4188761,0.01097203,Event_FirstRimBound,0.1500015,3.05,10.7254
2,5,2,1.3,1.08,-1,0.1117698,3.120807,10.7271,-4.510201,-0.3779111,-0.00908842,Event_FirstRimBound,0.1381989,3.05,10.7254
2,5,3,1.3,-1,0.22,0.1128087,3.12281,10.72678,-4.523053,-0.25259,-0.004465569,Event_FirstRimBound,0.1399994,3.05,10.7254
2,5,4,1.3,-1,0.16,0.2493946,3.178159,10.60493,3.81059,1.549781,-1.284326,Event_FirstRimBound,0.2999992,3.05,10.6
2,5,5,1.3,-1,0.14,0.06337114,3.149449,10.60396,-2.972636,1.297891,3.029627,Event_FirstRimBound,0.09999847,3.05,10.6
2,5,6,1.3,-1,0.22,0.1386579,3.159273,10.72747,-3.774682,2.074092,0.04905885,Event_FirstRimBound,0.1800003,3.05,10.7254
2,5,6,1.3,-1,0.26,-0.2695568,3.17084,10.60391,-2.482805,2.520243,-1.819066,Event_FirstRimBound,-0.2299995,3.05,10.6
2,5,7,1.3,-1,0.6,0.1118302,3.120924,10.7271,-4.511121,-0.3705809,-0.00882014,Event_FirstRimBound,0.1383018,3.05,10.7254
2,6,0,1.3,0,-1,0.05619991,2.931484,10.73787,2.807149,-6.013546,0.6223314,Event_RightGoalIn,0,3.05,10.7254
2,6,1,1.3,0.06,-1,0.09849434,3.092433,10.72078,-4.276776,-1.735192,0.2210777,Event_FirstRimBound,0.1199989,3.05,10.7254
2,6,2,1.3,0.9799996,-1,0.1081051,3.115003,10.71832,-4.760421,-0.3495767,0.03801721,Event_FirstRimBound,0.141201,3.05,10.7254
2,6,3,1.3,-1,0.32,0.1124612,3.123584,10.71739,-4.774364,0.2139187,-0.03688622,Event_FirstRimBound,0.1500015,3.05,10.7254
2,6,4,1.3,-1,0.08,0.2334086,3.175546,10.88353,4.144629,0.9210292,1.938625,Event_FirstRimBound,0.2999992,3.05,10.9
2,6,5,1.3,-1,0.14,0.05231534,3.144656,10.59118,-3.350812,1.328303,2.976042,Event_FirstRimBound,0.09999847,3.05,10.6
2,6,6,1.3,-1,0.28,0.1421541,3.162049,10.71321,-3.440515,2.726353,-0.3693283,Event_FirstRimBound,0.2000008,3.05,10.7254
2,6,6,1.3,-1,0.24,-0.2802288,3.158676,10.58988,-3.458356,2.325873,-1.424006,Event_FirstRimBound,-0.2299995,3.05,10.6
2,6,7,1.3,-1,0.6199999,0.1081534,3.115104,10.71831,-4.761154,-0.3430401,0.03712244,Event_FirstRimBound,0.1413002,3.05,10.7254
2,7,0,1.3,0,-1,0.04244071,2.931484,10.76429,2.119896,-6.013546,1.942527,Event_RightGoalIn,0,3.05,10.7254
2,7,1,1.3,0.06,-1,0.102194,3.096083,10.70973,-4.249248,-1.689473,0.6722358,Event_FirstRimBound,0.1199989,3.05,10.7254
2,7,1,1.3,0.6,-1,0.1124254,3.11661,10.70275,-4.744113,-0.4010943,0.1399259,Event_FirstRimBound,0.1383018,3.05,10.7254
2,7,2,1.3,0.8799997,-1,0.1126577,3.117026,10.7026,-4.747856,-0.3733729,0.1284764,Event_FirstRimBound,0.1386986,3.05,10.7254
2,7,3,1.3,-1,0.34,0.1194666,3.128322,10.69878,-4.74581,0.3910947,-0.1876913,Event_FirstRimBound,0.1500015,3.05,10.7254
2,7,3,1.3,-1,0.2,0.05041147,3.178829,10.55809,0.3978486,2.199364,3.753429,Event_FirstRimBound,0.09999847,3.05,10.6
2,7,4,1.3,-1,0.09999999,0.2519421,3.167518,10.56188,4.500754,0.9149801,-0.5103838,Event_FirstRimBound,0.2999992,3.05,10.6
2,7,5,1.3,-1,0.34,0.1176071,3.133096,10.67202,-4.684009,0.6390765,0.4495102,Event_FirstRimBound,0.1500015,3.05,10.7
2,7,6,1.3,-1,0.24,-0.2671188,3.158544,10.56482,-3.106554,2.319102,-2.092398,Event_FirstRimBound,-0.2299995,3.05,10.6
2,7,7,1.3,-1,0.6399999,0.1127188,3.117135,10.70257,-4.748794,-0.3660911,0.1255144,Event_FirstRimBound,0.1388016,3.05,10.7254
2,8,0,1.3,0,-1,0.01489859,2.931484,10.78101,0.7441848,-6.013546,2.777334,Event_RightGoalIn,0,3.05,10.7254
2,8,1,1.3,0.08,-1,0.1117957,3.106421,10.69797,-4.320581,-1.479033,0.8370348,Event_FirstRimBound,0.1199989,3.05,10.7254
2,8,2,1.3,0.9599996,-1,0.1218004,3.122156,10.69032,-4.721286,-0.4317355,0.2184314,Event_FirstRimBound,0.1324005,3.05,10.7254
2,8,3,1.3,-1,0.8199998,0.178475,3.18777,10.82963,-0.0514976,3.748467,1.063562,Event_FirstRimBound,0.2000008,3.05,10.9
2,8,4,1.3,-1,0,0.288057,3.121086,10.56657,4.433204,-0.7884877,-1.375861,Event_FirstRimBound,0.2999992,3.05,10.6
2,8,5,1.3,-1,0.14,0.131927,3.171041,10.64147,-2.303954,1.438961,3.617881,Event_FirstRimBound,0.1500015,3.05,10.7
2,8,6,1.3,-1,0.18,-0.01237098,3.145005,10.85175,-0.2674675,1.626474,-4.350572,Event_FirstRimBound,0,3.05,10.9
2,8,6,1.3,-1,0.26,-0.2418669,3.167102,10.54491,-3.319542,2.501951,-0.8697938,Event_FirstRimBound,-0.2299995,3.05,10.6
2,8,7,1.3,-1,0.6199999,0.1218816,3.122272,10.69026,-4.722613,-0.4235567,0.2135229,Event_FirstRimBound,0.1324997,3.05,10.7254
2,9,0,1.6,0,-1,0.07327873,2.901944,10.72235,3.660126,-7.487321,-0.1518176,Event_RightGoalIn,0,3.05,10.7254
2,9,1,1.6,0.04,-1,0.09906112,3.090271,10.72606,-5.316876,-2.269485,-0.04359255,Event_FirstRimBound,0.1199989,3.05,10.7254
2,9,2,1.6,1.399999,-1,0.1163998,3.126039,10.72639,-5.950489,0.6191028,0.01117756,Event_FirstRimBound,0.1560974,3.05,10.7254
2,9,3,1.6,-1,0.36,0.1132507,3.120452,10.72672,-5.994714,0.1425304,0.004745385,Event_FirstRimBound,0.1500015,3.05,10.7254
2,9,4,1.6,-1,0.38,0.2116605,3.178547,10.6037,3.275057,3.651383,-2.412598,Event_FirstRimBound,0.2799988,3.05,10.60001
2,9,4,1.6,-1,0.4400001,0.2277427,3.185518,10.72794,3.016964,4.286965,0.09904996,Event_FirstRimBound,0.3000031,3.05,10.7254
2,9,5,1.6,-1,0.34,0.1082867,3.110877,10.72678,-5.941008,-0.6638592,-0.01643465,Event_FirstRimBound,0.1399994,3.05,10.7254
2,9,6,1.6,-1,0.36,0.1422151,3.159996,10.72737,-4.361085,3.394515,0.07546525,Event_FirstRimBound,0.1999969,3.05,10.7254
2,9,7,1.6,-1,0.8799997,0.116348,3.12595,10.72639,-5.95163,0.6115182,0.01107319,Event_FirstRimBound,0.1559982,3.05,10.7254
2,10,0,1.6,0,-1,0.08090975,2.901944,10.74318,4.04127,-7.487321,0.8885535,Event_RightGoalIn,0,3.05,10.7254
2,10,1,1.6,0.04,-1,0.09803901,3.088105,10.7203,-5.49976,-2.281272,0.359813,Event_FirstRimBound,0.1199989,3.05,10.7254
2,10,2,1.6,-1,1.219999,0.1157811,3.124948,10.71557,-6.075715,0.7121158,-0.1239977,Event_FirstRimBound,0.1579971,3.05,10.7254
2,10,2,1.6,1.319999,-1,0.1152789,3.124079,10.71568,-6.088133,0.6366346,-0.1120724,Event_FirstRimBound,0.1569977,3.05,10.7254
2,10,3,1.6,-1,0.34,0.1112508,3.117048,10.71644,-6.176335,0.07930127,-0.02340278,Event_FirstRimBound,0.1500015,3.05,10.7254
2,10,4,1.6,-1,0.34,0.2117135,3.167911,10.58602,3.546844,3.266321,-3.119582,Event_FirstRimBound,0.2799988,3.05,10.60001
2,10,4,1.6,-1,0.4600001,0.2231498,3.182538,10.70729,2.898586,4.448497,-0.749981,Event_FirstRimBound,0.3000031,3.05,10.7254
2,10,5,1.6,-1,0.26,0.1028724,3.10191,10.7173,-6.500205,-0.8010007,0.1387748,Event_FirstRimBound,0.1399994,3.05,10.7254
2,10,6,1.6,-1,0.34,0.1390965,3.156474,10.71085,-4.587387,3.35238,-0.5681465,Event_FirstRimBound,0.1999969,3.05,10.7254
2,10,7,1.6,-1,1.279999,0.1153271,3.124162,10.71567,-6.086997,0.6439067,-0.1131929,Event_FirstRimBound,0.1570969,3.05,10.7254
2,11,0,1.6,0,-1,0.07640211,2.901944,10.79541,3.816297,-7.487321,3.496988,Event_RightGoalIn,0,3.05,10.7254
2,11,1,1.6,0.04,-1,0.1001918,3.086552,10.70757,-5.781149,-2.308119,1.326429,Event_FirstRimBound,0.1199989,3.05,10.7254
2,11,2,1.6,1.439999,-1,0.1191345,3.119788,10.69142,-6.500705,0.6867156,-0.4459558,Event_FirstRimBound,0.1570969,3.05,10.7254
2,11,3,1.6,-1,0.34,0.1152688,3.113914,10.69427,-6.565259,0.1258089,-0.1141636,Event_FirstRimBound,0.1500015,3.05,10.7254
2,11,4,1.6,-1,0.18,0.231027,3.138462,10.55784,5.030365,1.622271,-3.739906,Event_FirstRimBound,0.2799988,3.05,10.60001
2,11,4,1.6,-1,0.38,0.2390414,3.159826,10.67196,4.183884,3.756152,-2.261339,Event_FirstRimBound,0.3000031,3.05,10.7254
2,11,5,1.6,-1,0.34,0.1100191,3.105232,10.6985,-6.501609,-0.6915056,0.3692027,Event_FirstRimBound,0.1399994,3.05,10.7254
2,11,6,1.6,-1,0.36,0.1453039,3.14997,10.67675,-4.6783,3.404323,-2.053667,Event_FirstRimBound,0.1999969,3.05,10.7254
2,11,7,1.6,-1,1.859999,0.1190792,3.119707,10.69146,-6.502209,0.6789714,-0.4413164,Event_FirstRimBound,0.1569977,3.05,10.7254
2,12,0,1.6,0,-1,0.02682187,2.901944,10.82549,1.3397,-7.487321,4.999823,Event_RightGoalIn,0,3.05,10.7254
2,12,1,1.6,0.04,-1,0.1114057,3.093765,10.6949,-5.63424,-2.273345,1.867983,Event_FirstRimBound,0.1199989,3.05,10.7254
2,12,2,1.6,0.9399996,-1,0.03912054,3.104784,10.82126,-2.318191,-0.4651858,-6.204347,Event_FirstRimBound,0.05000305,3.05,10.8612
2,12,3,1.6,-1,0.26,0.1273469,3.113973,10.68085,-6.536294,-0.305014,0.2020304,Event_FirstRimBound,0.1399994,3.05,10.7254
2,12,4,1.6,-1,0.36,0.248735,3.152194,10.6291,3.437683,3.580001,-3.485785,Event_FirstRimBound,0.2699966,3.05,10.7
2,12,5,1.6,-1,0.36,0.1355509,3.122784,10.67473,-6.475581,0.644583,-0.601844,Event_FirstRimBound,0.1500015,3.05,10.7254
2,12,6,1.6,-1,0.14,0.1413814,3.128444,10.67079,-6.270585,1.257661,-1.120254,Event_FirstRimBound,0.1569977,3.05,10.7254
2,12,6,1.6,-1,0.4,0.178451,3.15643,10.62616,-3.196921,3.944457,-3.102437,Event_FirstRimBound,0.1999969,3.05,10.7
2,12,7,1.6,-1,1.12,0.03910428,3.104866,10.82131,-2.316301,-0.4578555,-6.205887,Event_FirstRimBound,0.05000305,3.05,10.86131
